--
-- Regiones
--

INSERT INTO district (district_id,district_name,district_roman, district_order) VALUES (1,'Arica y Parinacota','XV', 1);
INSERT INTO district (district_id,district_name,district_roman, district_order) VALUES (2,'Tarapacá','I', 2);
INSERT INTO district (district_id,district_name,district_roman, district_order) VALUES (3,'Antofagasta','II', 3);
INSERT INTO district (district_id,district_name,district_roman, district_order) VALUES (4,'Atacama','III', 4);
INSERT INTO district (district_id,district_name,district_roman, district_order) VALUES (5,'Coquimbo','IV', 5);
INSERT INTO district (district_id,district_name,district_roman, district_order) VALUES (6,'Valparaiso','V', 6);
INSERT INTO district (district_id,district_name,district_roman, district_order) VALUES (7,'Metropolitana de Santiago','RM', 7);
INSERT INTO district (district_id,district_name,district_roman, district_order) VALUES (8,'Libertador General Bernardo O''Higgins','VI', 8);
INSERT INTO district (district_id,district_name,district_roman, district_order) VALUES (9,'Maule','VII', 9);
INSERT INTO district (district_id,district_name,district_roman, district_order) VALUES (10,'Biobío','VIII', 10);
INSERT INTO district (district_id,district_name,district_roman, district_order) VALUES (11,'La Araucanía','IX', 11);
INSERT INTO district (district_id,district_name,district_roman, district_order) VALUES (12,'Los Ríos','XIV', 12);
INSERT INTO district (district_id,district_name,district_roman, district_order) VALUES (13,'Los Lagos','X', 13);
INSERT INTO district (district_id,district_name,district_roman, district_order) VALUES (14,'Aisén del General Carlos Ibáñez del Campo','XI', 14);
INSERT INTO district (district_id,district_name,district_roman, district_order) VALUES (15,'Magallanes y de la Antártica Chilena','XII', 15);


--
-- Provincias
--

INSERT INTO city (city_id,city_name,city_district_id) VALUES (1,'Arica',1);
INSERT INTO city (city_id,city_name,city_district_id) VALUES (2,'Parinacota',1);
INSERT INTO city (city_id,city_name,city_district_id) VALUES (3,'Iquique',2);
INSERT INTO city (city_id,city_name,city_district_id) VALUES (4,'El Tamarugal',2);
INSERT INTO city (city_id,city_name,city_district_id) VALUES (5,'Antofagasta',3);
INSERT INTO city (city_id,city_name,city_district_id) VALUES (6,'El Loa',3);
INSERT INTO city (city_id,city_name,city_district_id) VALUES (7,'Tocopilla',3);
INSERT INTO city (city_id,city_name,city_district_id) VALUES (8,'Chañaral',4);
INSERT INTO city (city_id,city_name,city_district_id) VALUES (9,'Copiapó',4);
INSERT INTO city (city_id,city_name,city_district_id) VALUES (10,'Huasco',4);
INSERT INTO city (city_id,city_name,city_district_id) VALUES (11,'Choapa',5);
INSERT INTO city (city_id,city_name,city_district_id) VALUES (12,'Elqui',5);
INSERT INTO city (city_id,city_name,city_district_id) VALUES (13,'Limarí',5);
INSERT INTO city (city_id,city_name,city_district_id) VALUES (14,'Isla de Pascua',6);
INSERT INTO city (city_id,city_name,city_district_id) VALUES (15,'Los Andes',6);
INSERT INTO city (city_id,city_name,city_district_id) VALUES (16,'Petorca',6);
INSERT INTO city (city_id,city_name,city_district_id) VALUES (17,'Quillota',6);
INSERT INTO city (city_id,city_name,city_district_id) VALUES (18,'San Antonio',6);
INSERT INTO city (city_id,city_name,city_district_id) VALUES (19,'San Felipe de Aconcagua',6);
INSERT INTO city (city_id,city_name,city_district_id) VALUES (20,'Valparaiso',6);
INSERT INTO city (city_id,city_name,city_district_id) VALUES (21,'Chacabuco',7);
INSERT INTO city (city_id,city_name,city_district_id) VALUES (22,'Cordillera',7);
INSERT INTO city (city_id,city_name,city_district_id) VALUES (23,'Maipo',7);
INSERT INTO city (city_id,city_name,city_district_id) VALUES (24,'Melipilla',7);
INSERT INTO city (city_id,city_name,city_district_id) VALUES (25,'Santiago',7);
INSERT INTO city (city_id,city_name,city_district_id) VALUES (26,'Talagante',7);
INSERT INTO city (city_id,city_name,city_district_id) VALUES (27,'Cachapoal',8);
INSERT INTO city (city_id,city_name,city_district_id) VALUES (28,'Cardenal Caro',8);
INSERT INTO city (city_id,city_name,city_district_id) VALUES (29,'Colchagua',8);
INSERT INTO city (city_id,city_name,city_district_id) VALUES (30,'Cauquenes',9);
INSERT INTO city (city_id,city_name,city_district_id) VALUES (31,'Curicó',9);
INSERT INTO city (city_id,city_name,city_district_id) VALUES (32,'Linares',9);
INSERT INTO city (city_id,city_name,city_district_id) VALUES (33,'Talca',9);
INSERT INTO city (city_id,city_name,city_district_id) VALUES (34,'Arauco',10);
INSERT INTO city (city_id,city_name,city_district_id) VALUES (35,'Bio Bío',10);
INSERT INTO city (city_id,city_name,city_district_id) VALUES (36,'Concepción',10);
INSERT INTO city (city_id,city_name,city_district_id) VALUES (37,'Ñuble',10);
INSERT INTO city (city_id,city_name,city_district_id) VALUES (38,'Cautín',11);
INSERT INTO city (city_id,city_name,city_district_id) VALUES (39,'Malleco',11);
INSERT INTO city (city_id,city_name,city_district_id) VALUES (40,'Valdivia',12);
INSERT INTO city (city_id,city_name,city_district_id) VALUES (41,'Ranco',12);
INSERT INTO city (city_id,city_name,city_district_id) VALUES (42,'Chiloé',13);
INSERT INTO city (city_id,city_name,city_district_id) VALUES (43,'Llanquihue',13);
INSERT INTO city (city_id,city_name,city_district_id) VALUES (44,'Osorno',13);
INSERT INTO city (city_id,city_name,city_district_id) VALUES (45,'Palena',13);
INSERT INTO city (city_id,city_name,city_district_id) VALUES (46,'Aisén',14);
INSERT INTO city (city_id,city_name,city_district_id) VALUES (47,'Capitán Prat',14);
INSERT INTO city (city_id,city_name,city_district_id) VALUES (48,'Coihaique',14);
INSERT INTO city (city_id,city_name,city_district_id) VALUES (49,'General Carrera',14);
INSERT INTO city (city_id,city_name,city_district_id) VALUES (50,'Antártica Chilena',15);
INSERT INTO city (city_id,city_name,city_district_id) VALUES (51,'Magallanes',15);
INSERT INTO city (city_id,city_name,city_district_id) VALUES (52,'Tierra del Fuego',15);
INSERT INTO city (city_id,city_name,city_district_id) VALUES (53,'Última Esperanza',15);


INSERT INTO commune (com_id,com_name, com_city_id) VALUES (1,'Arica',1);
INSERT INTO commune (com_id,com_name, com_city_id) VALUES (2,'Camarones',1);
INSERT INTO commune (com_id,com_name, com_city_id) VALUES (3,'General Lagos',2);
INSERT INTO commune (com_id,com_name, com_city_id) VALUES (4,'Putre',2);
INSERT INTO commune (com_id,com_name, com_city_id) VALUES (5,'Alto Hospicio',3);
INSERT INTO commune (com_id,com_name, com_city_id) VALUES (6,'Iquique',3);
INSERT INTO commune (com_id,com_name, com_city_id) VALUES (7,'Camiña',4);
INSERT INTO commune (com_id,com_name, com_city_id) VALUES (8,'Colchane',4);
INSERT INTO commune (com_id,com_name, com_city_id) VALUES (9,'Huara',4);
INSERT INTO commune (com_id,com_name, com_city_id) VALUES (10,'Pica',4);
INSERT INTO commune (com_id,com_name, com_city_id) VALUES (11,'Pozo Almonte',4);
INSERT INTO commune (com_id,com_name, com_city_id) VALUES (12,'Antofagasta',5);
INSERT INTO commune (com_id,com_name, com_city_id) VALUES (13,'Mejillones',5);
INSERT INTO commune (com_id,com_name, com_city_id) VALUES (14,'Sierra Gorda',5);
INSERT INTO commune (com_id,com_name, com_city_id) VALUES (15,'Taltal',5);
INSERT INTO commune (com_id,com_name, com_city_id) VALUES (16,'Calama',6);
INSERT INTO commune (com_id,com_name, com_city_id) VALUES (17,'Ollague',6);
INSERT INTO commune (com_id,com_name, com_city_id) VALUES (18,'San Pedro de Atacama',6);
INSERT INTO commune (com_id,com_name, com_city_id) VALUES (19,'María Elena',7);
INSERT INTO commune (com_id,com_name, com_city_id) VALUES (20,'Tocopilla',7);
INSERT INTO commune (com_id,com_name, com_city_id) VALUES (21,'Chañaral',8);
INSERT INTO commune (com_id,com_name, com_city_id) VALUES (22,'Diego de Almagro',8);
INSERT INTO commune (com_id,com_name, com_city_id) VALUES (23,'Caldera',9);
INSERT INTO commune (com_id,com_name, com_city_id) VALUES (24,'Copiapó',9);
INSERT INTO commune (com_id,com_name, com_city_id) VALUES (25,'Tierra Amarilla',9);
INSERT INTO commune (com_id,com_name, com_city_id) VALUES (26,'Alto del Carmen',10);
INSERT INTO commune (com_id,com_name, com_city_id) VALUES (27,'Freirina',10);
INSERT INTO commune (com_id,com_name, com_city_id) VALUES (28,'Huasco',10);
INSERT INTO commune (com_id,com_name, com_city_id) VALUES (29,'Vallenar',10);
INSERT INTO commune (com_id,com_name, com_city_id) VALUES (30,'Canela',11);
INSERT INTO commune (com_id,com_name, com_city_id) VALUES (31,'Illapel',11);
INSERT INTO commune (com_id,com_name, com_city_id) VALUES (32,'Los Vilos',11);
INSERT INTO commune (com_id,com_name, com_city_id) VALUES (33,'Salamanca',11);
INSERT INTO commune (com_id,com_name, com_city_id) VALUES (34,'Andacollo',12);
INSERT INTO commune (com_id,com_name, com_city_id) VALUES (35,'Coquimbo',12);
INSERT INTO commune (com_id,com_name, com_city_id) VALUES (36,'La Higuera',12);
INSERT INTO commune (com_id,com_name, com_city_id) VALUES (37,'La Serena',12);
INSERT INTO commune (com_id,com_name, com_city_id) VALUES (38,'Paihuaco',12);
INSERT INTO commune (com_id,com_name, com_city_id) VALUES (39,'Vicuña',12);
INSERT INTO commune (com_id,com_name, com_city_id) VALUES (40,'Combarbalá',13);
INSERT INTO commune (com_id,com_name, com_city_id) VALUES (41,'Monte Patria',13);
INSERT INTO commune (com_id,com_name, com_city_id) VALUES (42,'Ovalle',13);
INSERT INTO commune (com_id,com_name, com_city_id) VALUES (43,'Punitaqui',13);
INSERT INTO commune (com_id,com_name, com_city_id) VALUES (44,'Río Hurtado',13);
INSERT INTO commune (com_id,com_name, com_city_id) VALUES (45,'Isla de Pascua',14);
INSERT INTO commune (com_id,com_name, com_city_id) VALUES (46,'Calle Larga',15);
INSERT INTO commune (com_id,com_name, com_city_id) VALUES (47,'Los Andes',15);
INSERT INTO commune (com_id,com_name, com_city_id) VALUES (48,'Rinconada',15);
INSERT INTO commune (com_id,com_name, com_city_id) VALUES (49,'San Esteban',15);
INSERT INTO commune (com_id,com_name, com_city_id) VALUES (50,'La Ligua',16);
INSERT INTO commune (com_id,com_name, com_city_id) VALUES (51,'Papudo',16);
INSERT INTO commune (com_id,com_name, com_city_id) VALUES (52,'Petorca',16);
INSERT INTO commune (com_id,com_name, com_city_id) VALUES (53,'Zapallar',16);
INSERT INTO commune (com_id,com_name, com_city_id) VALUES (54,'Hijuelas',17);
INSERT INTO commune (com_id,com_name, com_city_id) VALUES (55,'La Calera',17);
INSERT INTO commune (com_id,com_name, com_city_id) VALUES (56,'La Cruz',17);
INSERT INTO commune (com_id,com_name, com_city_id) VALUES (57,'Limache',17);
INSERT INTO commune (com_id,com_name, com_city_id) VALUES (58,'Nogales',17);
INSERT INTO commune (com_id,com_name, com_city_id) VALUES (59,'Olmué',17);
INSERT INTO commune (com_id,com_name, com_city_id) VALUES (60,'Quillota',17);
INSERT INTO commune (com_id,com_name, com_city_id) VALUES (61,'Algarrobo',18);
INSERT INTO commune (com_id,com_name, com_city_id) VALUES (62,'Cartagena',18);
INSERT INTO commune (com_id,com_name, com_city_id) VALUES (63,'El Quisco',18);
INSERT INTO commune (com_id,com_name, com_city_id) VALUES (64,'El Tabo',18);
INSERT INTO commune (com_id,com_name, com_city_id) VALUES (65,'San Antonio',18);
INSERT INTO commune (com_id,com_name, com_city_id) VALUES (66,'Santo Domingo',18);
INSERT INTO commune (com_id,com_name, com_city_id) VALUES (67,'Catemu',19);
INSERT INTO commune (com_id,com_name, com_city_id) VALUES (68,'Llaillay',19);
INSERT INTO commune (com_id,com_name, com_city_id) VALUES (69,'Panquehue',19);
INSERT INTO commune (com_id,com_name, com_city_id) VALUES (70,'Putaendo',19);
INSERT INTO commune (com_id,com_name, com_city_id) VALUES (71,'San Felipe',19);
INSERT INTO commune (com_id,com_name, com_city_id) VALUES (72,'Santa María',19);
INSERT INTO commune (com_id,com_name, com_city_id) VALUES (73,'Casablanca',20);
INSERT INTO commune (com_id,com_name, com_city_id) VALUES (74,'Concón',20);
INSERT INTO commune (com_id,com_name, com_city_id) VALUES (75,'Juan Fernández',20);
INSERT INTO commune (com_id,com_name, com_city_id) VALUES (76,'Puchuncaví',20);
INSERT INTO commune (com_id,com_name, com_city_id) VALUES (77,'Quilpué',20);
INSERT INTO commune (com_id,com_name, com_city_id) VALUES (78,'Quintero',20);
INSERT INTO commune (com_id,com_name, com_city_id) VALUES (79,'Valparaíso',20);
INSERT INTO commune (com_id,com_name, com_city_id) VALUES (80,'Villa Alemana',20);
INSERT INTO commune (com_id,com_name, com_city_id) VALUES (81,'Viña del Mar',20);
INSERT INTO commune (com_id,com_name, com_city_id) VALUES (82,'Colina',21);
INSERT INTO commune (com_id,com_name, com_city_id) VALUES (83,'Lampa',21);
INSERT INTO commune (com_id,com_name, com_city_id) VALUES (84,'Tiltil',21);
INSERT INTO commune (com_id,com_name, com_city_id) VALUES (85,'Pirque',22);
INSERT INTO commune (com_id,com_name, com_city_id) VALUES (86,'Puente Alto',22);
INSERT INTO commune (com_id,com_name, com_city_id) VALUES (87,'San José de Maipo',22);
INSERT INTO commune (com_id,com_name, com_city_id) VALUES (88,'Buin',23);
INSERT INTO commune (com_id,com_name, com_city_id) VALUES (89,'Calera de Tango',23);
INSERT INTO commune (com_id,com_name, com_city_id) VALUES (90,'Paine',23);
INSERT INTO commune (com_id,com_name, com_city_id) VALUES (91,'San Bernardo',23);
INSERT INTO commune (com_id,com_name, com_city_id) VALUES (92,'Alhué',24);
INSERT INTO commune (com_id,com_name, com_city_id) VALUES (93,'Curacaví',24);
INSERT INTO commune (com_id,com_name, com_city_id) VALUES (94,'María Pinto',24);
INSERT INTO commune (com_id,com_name, com_city_id) VALUES (95,'Melipilla',24);
INSERT INTO commune (com_id,com_name, com_city_id) VALUES (96,'San Pedro',24);
INSERT INTO commune (com_id,com_name, com_city_id) VALUES (97,'Cerrillos',25);
INSERT INTO commune (com_id,com_name, com_city_id) VALUES (98,'Cerro Navia',25);
INSERT INTO commune (com_id,com_name, com_city_id) VALUES (99,'Conchalí',25);
INSERT INTO commune (com_id,com_name, com_city_id) VALUES (100,'El Bosque',25);
INSERT INTO commune (com_id,com_name, com_city_id) VALUES (101,'Estación Central',25);
INSERT INTO commune (com_id,com_name, com_city_id) VALUES (102,'Huechuraba',25);
INSERT INTO commune (com_id,com_name, com_city_id) VALUES (103,'Independencia',25);
INSERT INTO commune (com_id,com_name, com_city_id) VALUES (104,'La Cisterna',25);
INSERT INTO commune (com_id,com_name, com_city_id) VALUES (105,'La Granja',25);
INSERT INTO commune (com_id,com_name, com_city_id) VALUES (106,'La Florida',25);
INSERT INTO commune (com_id,com_name, com_city_id) VALUES (107,'La Pintana',25);
INSERT INTO commune (com_id,com_name, com_city_id) VALUES (108,'La Reina',25);
INSERT INTO commune (com_id,com_name, com_city_id) VALUES (109,'Las Condes',25);
INSERT INTO commune (com_id,com_name, com_city_id) VALUES (110,'Lo Barnechea',25);
INSERT INTO commune (com_id,com_name, com_city_id) VALUES (111,'Lo Espejo',25);
INSERT INTO commune (com_id,com_name, com_city_id) VALUES (112,'Lo Prado',25);
INSERT INTO commune (com_id,com_name, com_city_id) VALUES (113,'Macul',25);
INSERT INTO commune (com_id,com_name, com_city_id) VALUES (114,'Maipú',25);
INSERT INTO commune (com_id,com_name, com_city_id) VALUES (115,'Ñuñoa',25);
INSERT INTO commune (com_id,com_name, com_city_id) VALUES (116,'Pedro Aguirre Cerda',25);
INSERT INTO commune (com_id,com_name, com_city_id) VALUES (117,'Peñalolén',25);
INSERT INTO commune (com_id,com_name, com_city_id) VALUES (118,'Providencia',25);
INSERT INTO commune (com_id,com_name, com_city_id) VALUES (119,'Pudahuel',25);
INSERT INTO commune (com_id,com_name, com_city_id) VALUES (120,'Quilicura',25);
INSERT INTO commune (com_id,com_name, com_city_id) VALUES (121,'Quinta Normal',25);
INSERT INTO commune (com_id,com_name, com_city_id) VALUES (122,'Recoleta',25);
INSERT INTO commune (com_id,com_name, com_city_id) VALUES (123,'Renca',25);
INSERT INTO commune (com_id,com_name, com_city_id) VALUES (124,'San Miguel',25);
INSERT INTO commune (com_id,com_name, com_city_id) VALUES (125,'San Joaquín',25);
INSERT INTO commune (com_id,com_name, com_city_id) VALUES (126,'San Ramón',25);
INSERT INTO commune (com_id,com_name, com_city_id) VALUES (127,'Santiago',25);
INSERT INTO commune (com_id,com_name, com_city_id) VALUES (128,'Vitacura',25);
INSERT INTO commune (com_id,com_name, com_city_id) VALUES (129,'El Monte',26);
INSERT INTO commune (com_id,com_name, com_city_id) VALUES (130,'Isla de Maipo',26);
INSERT INTO commune (com_id,com_name, com_city_id) VALUES (131,'Padre Hurtado',26);
INSERT INTO commune (com_id,com_name, com_city_id) VALUES (132,'Peñaflor',26);
INSERT INTO commune (com_id,com_name, com_city_id) VALUES (133,'Talagante',26);
INSERT INTO commune (com_id,com_name, com_city_id) VALUES (134,'Codegua',27);
INSERT INTO commune (com_id,com_name, com_city_id) VALUES (135,'Coínco',27);
INSERT INTO commune (com_id,com_name, com_city_id) VALUES (136,'Coltauco',27);
INSERT INTO commune (com_id,com_name, com_city_id) VALUES (137,'Doñihue',27);
INSERT INTO commune (com_id,com_name, com_city_id) VALUES (138,'Graneros',27);
INSERT INTO commune (com_id,com_name, com_city_id) VALUES (139,'Las Cabras',27);
INSERT INTO commune (com_id,com_name, com_city_id) VALUES (140,'Machalí',27);
INSERT INTO commune (com_id,com_name, com_city_id) VALUES (141,'Malloa',27);
INSERT INTO commune (com_id,com_name, com_city_id) VALUES (142,'Mostazal',27);
INSERT INTO commune (com_id,com_name, com_city_id) VALUES (143,'Olivar',27);
INSERT INTO commune (com_id,com_name, com_city_id) VALUES (144,'Peumo',27);
INSERT INTO commune (com_id,com_name, com_city_id) VALUES (145,'Pichidegua',27);
INSERT INTO commune (com_id,com_name, com_city_id) VALUES (146,'Quinta de Tilcoco',27);
INSERT INTO commune (com_id,com_name, com_city_id) VALUES (147,'Rancagua',27);
INSERT INTO commune (com_id,com_name, com_city_id) VALUES (148,'Rengo',27);
INSERT INTO commune (com_id,com_name, com_city_id) VALUES (149,'Requínoa',27);
INSERT INTO commune (com_id,com_name, com_city_id) VALUES (150,'San Vicente de Tagua Tagua',27);
INSERT INTO commune (com_id,com_name, com_city_id) VALUES (151,'La Estrella',28);
INSERT INTO commune (com_id,com_name, com_city_id) VALUES (152,'Litueche',28);
INSERT INTO commune (com_id,com_name, com_city_id) VALUES (153,'Marchihue',28);
INSERT INTO commune (com_id,com_name, com_city_id) VALUES (154,'Navidad',28);
INSERT INTO commune (com_id,com_name, com_city_id) VALUES (155,'Peredones',28);
INSERT INTO commune (com_id,com_name, com_city_id) VALUES (156,'Pichilemu',28);
INSERT INTO commune (com_id,com_name, com_city_id) VALUES (157,'Chépica',29);
INSERT INTO commune (com_id,com_name, com_city_id) VALUES (158,'Chimbarongo',29);
INSERT INTO commune (com_id,com_name, com_city_id) VALUES (159,'Lolol',29);
INSERT INTO commune (com_id,com_name, com_city_id) VALUES (160,'Nancagua',29);
INSERT INTO commune (com_id,com_name, com_city_id) VALUES (161,'Palmilla',29);
INSERT INTO commune (com_id,com_name, com_city_id) VALUES (162,'Peralillo',29);
INSERT INTO commune (com_id,com_name, com_city_id) VALUES (163,'Placilla',29);
INSERT INTO commune (com_id,com_name, com_city_id) VALUES (164,'Pumanque',29);
INSERT INTO commune (com_id,com_name, com_city_id) VALUES (165,'San Fernando',29);
INSERT INTO commune (com_id,com_name, com_city_id) VALUES (166,'Santa Cruz',29);
INSERT INTO commune (com_id,com_name, com_city_id) VALUES (167,'Cauquenes',30);
INSERT INTO commune (com_id,com_name, com_city_id) VALUES (168,'Chanco',30);
INSERT INTO commune (com_id,com_name, com_city_id) VALUES (169,'Pelluhue',30);
INSERT INTO commune (com_id,com_name, com_city_id) VALUES (170,'Curicó',31);
INSERT INTO commune (com_id,com_name, com_city_id) VALUES (171,'Hualañé',31);
INSERT INTO commune (com_id,com_name, com_city_id) VALUES (172,'Licantén',31);
INSERT INTO commune (com_id,com_name, com_city_id) VALUES (173,'Molina',31);
INSERT INTO commune (com_id,com_name, com_city_id) VALUES (174,'Rauco',31);
INSERT INTO commune (com_id,com_name, com_city_id) VALUES (175,'Romeral',31);
INSERT INTO commune (com_id,com_name, com_city_id) VALUES (176,'Sagrada Familia',31);
INSERT INTO commune (com_id,com_name, com_city_id) VALUES (177,'Teno',31);
INSERT INTO commune (com_id,com_name, com_city_id) VALUES (178,'Vichuquén',31);
INSERT INTO commune (com_id,com_name, com_city_id) VALUES (179,'Colbún',32);
INSERT INTO commune (com_id,com_name, com_city_id) VALUES (180,'Linares',32);
INSERT INTO commune (com_id,com_name, com_city_id) VALUES (181,'Longaví',32);
INSERT INTO commune (com_id,com_name, com_city_id) VALUES (182,'Parral',32);
INSERT INTO commune (com_id,com_name, com_city_id) VALUES (183,'Retiro',32);
INSERT INTO commune (com_id,com_name, com_city_id) VALUES (184,'San Javier',32);
INSERT INTO commune (com_id,com_name, com_city_id) VALUES (185,'Villa Alegre',32);
INSERT INTO commune (com_id,com_name, com_city_id) VALUES (186,'Yerbas Buenas',32);
INSERT INTO commune (com_id,com_name, com_city_id) VALUES (187,'Constitución',33);
INSERT INTO commune (com_id,com_name, com_city_id) VALUES (188,'Curepto',33);
INSERT INTO commune (com_id,com_name, com_city_id) VALUES (189,'Empedrado',33);
INSERT INTO commune (com_id,com_name, com_city_id) VALUES (190,'Maule',33);
INSERT INTO commune (com_id,com_name, com_city_id) VALUES (191,'Pelarco',33);
INSERT INTO commune (com_id,com_name, com_city_id) VALUES (192,'Pencahue',33);
INSERT INTO commune (com_id,com_name, com_city_id) VALUES (193,'Río Claro',33);
INSERT INTO commune (com_id,com_name, com_city_id) VALUES (194,'San Clemente',33);
INSERT INTO commune (com_id,com_name, com_city_id) VALUES (195,'San Rafael',33);
INSERT INTO commune (com_id,com_name, com_city_id) VALUES (196,'Talca',33);
INSERT INTO commune (com_id,com_name, com_city_id) VALUES (197,'Arauco',34);
INSERT INTO commune (com_id,com_name, com_city_id) VALUES (198,'Cañete',34);
INSERT INTO commune (com_id,com_name, com_city_id) VALUES (199,'Contulmo',34);
INSERT INTO commune (com_id,com_name, com_city_id) VALUES (200,'Curanilahue',34);
INSERT INTO commune (com_id,com_name, com_city_id) VALUES (201,'Lebu',34);
INSERT INTO commune (com_id,com_name, com_city_id) VALUES (202,'Los Álamos',34);
INSERT INTO commune (com_id,com_name, com_city_id) VALUES (203,'Tirúa',34);
INSERT INTO commune (com_id,com_name, com_city_id) VALUES (204,'Alto Biobío',35);
INSERT INTO commune (com_id,com_name, com_city_id) VALUES (205,'Antuco',35);
INSERT INTO commune (com_id,com_name, com_city_id) VALUES (206,'Cabrero',35);
INSERT INTO commune (com_id,com_name, com_city_id) VALUES (207,'Laja',35);
INSERT INTO commune (com_id,com_name, com_city_id) VALUES (208,'Los Ángeles',35);
INSERT INTO commune (com_id,com_name, com_city_id) VALUES (209,'Mulchén',35);
INSERT INTO commune (com_id,com_name, com_city_id) VALUES (210,'Nacimiento',35);
INSERT INTO commune (com_id,com_name, com_city_id) VALUES (211,'Negrete',35);
INSERT INTO commune (com_id,com_name, com_city_id) VALUES (212,'Quilaco',35);
INSERT INTO commune (com_id,com_name, com_city_id) VALUES (213,'Quilleco',35);
INSERT INTO commune (com_id,com_name, com_city_id) VALUES (214,'San Rosendo',35);
INSERT INTO commune (com_id,com_name, com_city_id) VALUES (215,'Santa Bárbara',35);
INSERT INTO commune (com_id,com_name, com_city_id) VALUES (216,'Tucapel',35);
INSERT INTO commune (com_id,com_name, com_city_id) VALUES (217,'Yumbel',35);
INSERT INTO commune (com_id,com_name, com_city_id) VALUES (218,'Chiguayante',36);
INSERT INTO commune (com_id,com_name, com_city_id) VALUES (219,'Concepción',36);
INSERT INTO commune (com_id,com_name, com_city_id) VALUES (220,'Coronel',36);
INSERT INTO commune (com_id,com_name, com_city_id) VALUES (221,'Florida',36);
INSERT INTO commune (com_id,com_name, com_city_id) VALUES (222,'Hualpén',36);
INSERT INTO commune (com_id,com_name, com_city_id) VALUES (223,'Hualqui',36);
INSERT INTO commune (com_id,com_name, com_city_id) VALUES (224,'Lota',36);
INSERT INTO commune (com_id,com_name, com_city_id) VALUES (225,'Penco',36);
INSERT INTO commune (com_id,com_name, com_city_id) VALUES (226,'San Pedro de La Paz',36);
INSERT INTO commune (com_id,com_name, com_city_id) VALUES (227,'Santa Juana',36);
INSERT INTO commune (com_id,com_name, com_city_id) VALUES (228,'Talcahuano',36);
INSERT INTO commune (com_id,com_name, com_city_id) VALUES (229,'Tomé',36);
INSERT INTO commune (com_id,com_name, com_city_id) VALUES (230,'Bulnes',37);
INSERT INTO commune (com_id,com_name, com_city_id) VALUES (231,'Chillán',37);
INSERT INTO commune (com_id,com_name, com_city_id) VALUES (232,'Chillán Viejo',37);
INSERT INTO commune (com_id,com_name, com_city_id) VALUES (233,'Cobquecura',37);
INSERT INTO commune (com_id,com_name, com_city_id) VALUES (234,'Coelemu',37);
INSERT INTO commune (com_id,com_name, com_city_id) VALUES (235,'Coihueco',37);
INSERT INTO commune (com_id,com_name, com_city_id) VALUES (236,'El Carmen',37);
INSERT INTO commune (com_id,com_name, com_city_id) VALUES (237,'Ninhue',37);
INSERT INTO commune (com_id,com_name, com_city_id) VALUES (238,'Ñiquen',37);
INSERT INTO commune (com_id,com_name, com_city_id) VALUES (239,'Pemuco',37);
INSERT INTO commune (com_id,com_name, com_city_id) VALUES (240,'Pinto',37);
INSERT INTO commune (com_id,com_name, com_city_id) VALUES (241,'Portezuelo',37);
INSERT INTO commune (com_id,com_name, com_city_id) VALUES (242,'Quillón',37);
INSERT INTO commune (com_id,com_name, com_city_id) VALUES (243,'Quirihue',37);
INSERT INTO commune (com_id,com_name, com_city_id) VALUES (244,'Ránquil',37);
INSERT INTO commune (com_id,com_name, com_city_id) VALUES (245,'San Carlos',37);
INSERT INTO commune (com_id,com_name, com_city_id) VALUES (246,'San Fabián',37);
INSERT INTO commune (com_id,com_name, com_city_id) VALUES (247,'San Ignacio',37);
INSERT INTO commune (com_id,com_name, com_city_id) VALUES (248,'San Nicolás',37);
INSERT INTO commune (com_id,com_name, com_city_id) VALUES (249,'Treguaco',37);
INSERT INTO commune (com_id,com_name, com_city_id) VALUES (250,'Yungay',37);
INSERT INTO commune (com_id,com_name, com_city_id) VALUES (251,'Carahue',38);
INSERT INTO commune (com_id,com_name, com_city_id) VALUES (252,'Cholchol',38);
INSERT INTO commune (com_id,com_name, com_city_id) VALUES (253,'Cunco',38);
INSERT INTO commune (com_id,com_name, com_city_id) VALUES (254,'Curarrehue',38);
INSERT INTO commune (com_id,com_name, com_city_id) VALUES (255,'Freire',38);
INSERT INTO commune (com_id,com_name, com_city_id) VALUES (256,'Galvarino',38);
INSERT INTO commune (com_id,com_name, com_city_id) VALUES (257,'Gorbea',38);
INSERT INTO commune (com_id,com_name, com_city_id) VALUES (258,'Lautaro',38);
INSERT INTO commune (com_id,com_name, com_city_id) VALUES (259,'Loncoche',38);
INSERT INTO commune (com_id,com_name, com_city_id) VALUES (260,'Melipeuco',38);
INSERT INTO commune (com_id,com_name, com_city_id) VALUES (261,'Nueva Imperial',38);
INSERT INTO commune (com_id,com_name, com_city_id) VALUES (262,'Padre Las Casas',38);
INSERT INTO commune (com_id,com_name, com_city_id) VALUES (263,'Perquenco',38);
INSERT INTO commune (com_id,com_name, com_city_id) VALUES (264,'Pitrufquén',38);
INSERT INTO commune (com_id,com_name, com_city_id) VALUES (265,'Pucón',38);
INSERT INTO commune (com_id,com_name, com_city_id) VALUES (266,'Saavedra',38);
INSERT INTO commune (com_id,com_name, com_city_id) VALUES (267,'Temuco',38);
INSERT INTO commune (com_id,com_name, com_city_id) VALUES (268,'Teodoro Schmidt',38);
INSERT INTO commune (com_id,com_name, com_city_id) VALUES (269,'Toltén',38);
INSERT INTO commune (com_id,com_name, com_city_id) VALUES (270,'Vilcún',38);
INSERT INTO commune (com_id,com_name, com_city_id) VALUES (271,'Villarrica',38);
INSERT INTO commune (com_id,com_name, com_city_id) VALUES (272,'Angol',39);
INSERT INTO commune (com_id,com_name, com_city_id) VALUES (273,'Collipulli',39);
INSERT INTO commune (com_id,com_name, com_city_id) VALUES (274,'Curacautín',39);
INSERT INTO commune (com_id,com_name, com_city_id) VALUES (275,'Ercilla',39);
INSERT INTO commune (com_id,com_name, com_city_id) VALUES (276,'Lonquimay',39);
INSERT INTO commune (com_id,com_name, com_city_id) VALUES (277,'Los Sauces',39);
INSERT INTO commune (com_id,com_name, com_city_id) VALUES (278,'Lumaco',39);
INSERT INTO commune (com_id,com_name, com_city_id) VALUES (279,'Purén',39);
INSERT INTO commune (com_id,com_name, com_city_id) VALUES (280,'Renaico',39);
INSERT INTO commune (com_id,com_name, com_city_id) VALUES (281,'Traiguén',39);
INSERT INTO commune (com_id,com_name, com_city_id) VALUES (282,'Victoria',39);
INSERT INTO commune (com_id,com_name, com_city_id) VALUES (283,'Corral',40);
INSERT INTO commune (com_id,com_name, com_city_id) VALUES (284,'Lanco',40);
INSERT INTO commune (com_id,com_name, com_city_id) VALUES (285,'Los Lagos',40);
INSERT INTO commune (com_id,com_name, com_city_id) VALUES (286,'Máfil',40);
INSERT INTO commune (com_id,com_name, com_city_id) VALUES (287,'Mariquina',40);
INSERT INTO commune (com_id,com_name, com_city_id) VALUES (288,'Paillaco',40);
INSERT INTO commune (com_id,com_name, com_city_id) VALUES (289,'Panguipulli',40);
INSERT INTO commune (com_id,com_name, com_city_id) VALUES (290,'Valdivia',40);
INSERT INTO commune (com_id,com_name, com_city_id) VALUES (291,'Futrono',41);
INSERT INTO commune (com_id,com_name, com_city_id) VALUES (292,'La Unión',41);
INSERT INTO commune (com_id,com_name, com_city_id) VALUES (293,'Lago Ranco',41);
INSERT INTO commune (com_id,com_name, com_city_id) VALUES (294,'Río Bueno',41);
INSERT INTO commune (com_id,com_name, com_city_id) VALUES (295,'Ancud',42);
INSERT INTO commune (com_id,com_name, com_city_id) VALUES (296,'Castro',42);
INSERT INTO commune (com_id,com_name, com_city_id) VALUES (297,'Chonchi',42);
INSERT INTO commune (com_id,com_name, com_city_id) VALUES (298,'Curaco de Vélez',42);
INSERT INTO commune (com_id,com_name, com_city_id) VALUES (299,'Dalcahue',42);
INSERT INTO commune (com_id,com_name, com_city_id) VALUES (300,'Puqueldón',42);
INSERT INTO commune (com_id,com_name, com_city_id) VALUES (301,'Queilén',42);
INSERT INTO commune (com_id,com_name, com_city_id) VALUES (302,'Quemchi',42);
INSERT INTO commune (com_id,com_name, com_city_id) VALUES (303,'Quellón',42);
INSERT INTO commune (com_id,com_name, com_city_id) VALUES (304,'Quinchao',42);
INSERT INTO commune (com_id,com_name, com_city_id) VALUES (305,'Calbuco',43);
INSERT INTO commune (com_id,com_name, com_city_id) VALUES (306,'Cochamó',43);
INSERT INTO commune (com_id,com_name, com_city_id) VALUES (307,'Fresia',43);
INSERT INTO commune (com_id,com_name, com_city_id) VALUES (308,'Frutillar',43);
INSERT INTO commune (com_id,com_name, com_city_id) VALUES (309,'Llanquihue',43);
INSERT INTO commune (com_id,com_name, com_city_id) VALUES (310,'Los Muermos',43);
INSERT INTO commune (com_id,com_name, com_city_id) VALUES (311,'Maullín',43);
INSERT INTO commune (com_id,com_name, com_city_id) VALUES (312,'Puerto Montt',43);
INSERT INTO commune (com_id,com_name, com_city_id) VALUES (313,'Puerto Varas',43);
INSERT INTO commune (com_id,com_name, com_city_id) VALUES (314,'Osorno',44);
INSERT INTO commune (com_id,com_name, com_city_id) VALUES (315,'Puero Octay',44);
INSERT INTO commune (com_id,com_name, com_city_id) VALUES (316,'Purranque',44);
INSERT INTO commune (com_id,com_name, com_city_id) VALUES (317,'Puyehue',44);
INSERT INTO commune (com_id,com_name, com_city_id) VALUES (318,'Río Negro',44);
INSERT INTO commune (com_id,com_name, com_city_id) VALUES (319,'San Juan de la Costa',44);
INSERT INTO commune (com_id,com_name, com_city_id) VALUES (320,'San Pablo',44);
INSERT INTO commune (com_id,com_name, com_city_id) VALUES (321,'Chaitén',45);
INSERT INTO commune (com_id,com_name, com_city_id) VALUES (322,'Futaleufú',45);
INSERT INTO commune (com_id,com_name, com_city_id) VALUES (323,'Hualaihué',45);
INSERT INTO commune (com_id,com_name, com_city_id) VALUES (324,'Palena',45);
INSERT INTO commune (com_id,com_name, com_city_id) VALUES (325,'Aisén',46);
INSERT INTO commune (com_id,com_name, com_city_id) VALUES (326,'Cisnes',46);
INSERT INTO commune (com_id,com_name, com_city_id) VALUES (327,'Guaitecas',46);
INSERT INTO commune (com_id,com_name, com_city_id) VALUES (328,'Cochrane',47);
INSERT INTO commune (com_id,com_name, com_city_id) VALUES (329,'O''higgins',47);
INSERT INTO commune (com_id,com_name, com_city_id) VALUES (330,'Tortel',47);
INSERT INTO commune (com_id,com_name, com_city_id) VALUES (331,'Coihaique',48);
INSERT INTO commune (com_id,com_name, com_city_id) VALUES (332,'Lago Verde',48);
INSERT INTO commune (com_id,com_name, com_city_id) VALUES (333,'Chile Chico',49);
INSERT INTO commune (com_id,com_name, com_city_id) VALUES (334,'Río Ibáñez',49);
INSERT INTO commune (com_id,com_name, com_city_id) VALUES (335,'Antártica',50);
INSERT INTO commune (com_id,com_name, com_city_id) VALUES (336,'Cabo de Hornos',50);
INSERT INTO commune (com_id,com_name, com_city_id) VALUES (337,'Laguna Blanca',51);
INSERT INTO commune (com_id,com_name, com_city_id) VALUES (338,'Punta Arenas',51);
INSERT INTO commune (com_id,com_name, com_city_id) VALUES (339,'Río Verde',51);
INSERT INTO commune (com_id,com_name, com_city_id) VALUES (340,'San Gregorio',51);
INSERT INTO commune (com_id,com_name, com_city_id) VALUES (341,'Porvenir',52);
INSERT INTO commune (com_id,com_name, com_city_id) VALUES (342,'Primavera',52);
INSERT INTO commune (com_id,com_name, com_city_id) VALUES (343,'Timaukel',52);
INSERT INTO commune (com_id,com_name, com_city_id) VALUES (344,'Natales',53);
INSERT INTO commune (com_id,com_name, com_city_id) VALUES (345,'Torres del Paine',53);
